K,epoch,classifier_mean,classifier_sample_sd,embedding_mean,embedding_sample_sd,n_seeds
79,0,0.27351536857906245,0.03734133827457267,0.24332570848572707,0.018887534493378648,5
79,50,0.2520473635634535,0.01890303150958737,0.24693053913126642,0.020941166309642663,5
79,100,0.3004476137708659,0.0647934810550102,0.25463029585190017,0.01991431744439604,5
79,150,0.31344140934756554,0.06456986677115097,0.2528095275289306,0.026021279059397835,5
79,200,0.33615123617321646,0.07399333171660014,0.2560252925250387,0.027477471166074147,5
79,250,0.349731709515533,0.07607357206396752,0.26474108761361015,0.02858730808227355,5
79,300,0.3531243412357976,0.08474961470778118,0.2712006922469833,0.03388298152751842,5
79,350,0.3542726067955133,0.08053729635532896,0.27508782644081964,0.03570022192684308,5
79,400,0.3692091544909275,0.0767204134710705,0.29337898573486626,0.027595913228213174,5
79,450,0.37745629408958864,0.08041926338996785,0.31526337629930434,0.031420554827934294,5
79,500,0.39675266131499426,0.07492689663727853,0.3309186595722691,0.04097534027254925,5
79,550,0.4416556108504806,0.06627342092715076,0.34649126324182183,0.056571199753660414,5
79,600,0.46357363640533356,0.046978930232791594,0.3580607961200389,0.06672565394614333,5
79,650,0.4729802698818796,0.04411147785846644,0.37083605162304567,0.08617002719569757,5
79,700,0.4924128028988205,0.027280411777737587,0.3786892166736538,0.07226610360204681,5
79,750,0.5000292640625806,0.03658591041050685,0.3809237301294695,0.07489715965125951,5
79,800,0.4966753799640633,0.04828284044407173,0.38041281301371,0.0767848073518173,5
79,850,0.4802862739861687,0.04124848046017775,0.3879022203495389,0.07874265977906851,5
79,900,0.47590073334278526,0.04006934436869093,0.40073292974647107,0.07281691079141554,5
79,950,0.4762088199430706,0.03367397754525334,0.4208566459260066,0.056169635190136145,5
79,1000,0.482474276075529,0.035970729459469754,0.43721672572769665,0.0422154147633253,5
79,1050,0.48859976871241967,0.042696165977163685,0.44648167833781355,0.034732694645109134,5
79,1100,0.5001104087190342,0.042138931715712355,0.4510916130730297,0.028862265290851754,5
79,1150,0.5103806960076696,0.044660492766794964,0.47014675730268846,0.025191391934722054,5
79,1200,0.5225544435454437,0.0496153117095126,0.4778294301270315,0.02532079274543559,5
79,1250,0.5359409355377043,0.05745929409799211,0.48375581829094627,0.02604749293971948,5
79,1300,0.550480437701794,0.06963129034919043,0.49472067288734356,0.03922593633392485,5
79,1350,0.5639088368105212,0.08354483152047251,0.5003008556565759,0.0517942457848624,5
79,1400,0.5756278973569372,0.0953772639709242,0.5019726960916164,0.05600943455399258,5
79,1450,0.58872984858013,0.11249781004107023,0.5034665556209564,0.05244916507118202,5
79,1500,0.598746562765182,0.12666604465700199,0.5054029418959083,0.05233888980706247,5
79,1550,0.6096314660473416,0.14077624396470023,0.507102399415052,0.05306341804417615,5
79,1600,0.6233967781652241,0.1567610375194622,0.5084332873241632,0.05416608735069799,5
79,1650,0.6414961296559124,0.17613195291604952,0.5097385474799596,0.055455599712317005,5
79,1700,0.665654860816625,0.20349862252666842,0.5155955099082207,0.056890354054782356,5
79,1750,0.6876373341459137,0.23145033683070826,0.5073321952627141,0.060017182090581454,5
79,1800,0.695588977252599,0.24060014048257364,0.5051434407920501,0.06423878618019616,5
79,1850,0.6997017182633236,0.24443590999468529,0.5064442637085961,0.06564480762373778,5
79,1900,0.7019645390886994,0.24621900234560523,0.5070131462930745,0.06674943932035697,5
79,1950,0.7031397141788513,0.24707614908440276,0.5076906500759417,0.0667439056862875,5
79,2000,0.7034326337852533,0.24731802753444404,0.5079052634305677,0.06579880782557812,5
79,2050,0.7022495379137512,0.24737704431777716,0.5077374857215956,0.06390691415165882,5
79,2100,0.6951960209928595,0.25009042407276877,0.5074937892673936,0.061392349573805405,5
79,2150,0.6837843057202778,0.2534220126551081,0.5075592127882521,0.05827210720364176,5
79,2200,0.679822914920181,0.24491533272773627,0.5085402387211169,0.054718752109811586,5
79,2250,0.6720184726764562,0.23529192097634266,0.5091912701829198,0.051896486056206996,5
79,2300,0.6580116429279221,0.22356230680838668,0.5090657556307955,0.049909315774808574,5
79,2350,0.6439194239511791,0.21742473067509996,0.509121391384854,0.04862392163018918,5
79,2400,0.6331174043236503,0.21289095567153676,0.509787851200309,0.048051161316214765,5
79,2450,0.6205105440495022,0.2142231645478897,0.5122603467478404,0.04875577598143084,5
79,2500,0.6125634445013108,0.21773971652053764,0.5203891919257616,0.05511804444708952,5
79,2550,0.6091894214475346,0.21875409240006805,0.5465780349105205,0.09790528264749748,5
79,2600,0.6055302465823403,0.22043892189019004,0.5953359783768194,0.2080483188103735,5
79,2650,0.6032547528926367,0.22144883425383774,0.5935147689553586,0.21853957218185657,5
79,2700,0.6040989829856633,0.2207973643457174,0.5896088317990896,0.22286359870613676,5
79,2750,0.6063496128705236,0.21971988752775437,0.5863759266610841,0.226009760870258,5
79,2800,0.6109336524084001,0.2179303573218874,0.5838236093259224,0.22848070375041624,5
79,2850,0.6230528290727323,0.21534797206850498,0.5816512599217728,0.2305498503742863,5
79,2900,0.664702744034791,0.23022907414580113,0.5798068457961516,0.23232322117572912,5
79,2950,0.6788307926909433,0.24070906414905835,0.5781146539699858,0.2339315169013922,5
79,3000,0.6866168222082452,0.24895606274049353,0.576508237197686,0.23545235695182926,5
79,3050,0.6916484375746722,0.2539408933381035,0.5749000843418531,0.23695671547850705,5
79,3100,0.6992562735163291,0.2530940374394489,0.5732122150125661,0.2385448181878103,5
79,3150,0.7078595008669064,0.24958996429471048,0.5713530592986782,0.24031874133420764,5
79,3200,0.7234806919991347,0.24092798315037287,0.5692779844752466,0.24230576132892376,5
79,3250,0.7419061773507102,0.23430172924574105,0.5670191987564487,0.2444662278912284,5
79,3300,0.7499583212847631,0.2334075907236064,0.5669189165817288,0.24414592970706897,5
79,3350,0.7597268540647781,0.23361881007159543,0.5683591959033419,0.2430201741492125,5
79,3400,0.7695637044660517,0.23555605234374286,0.5696591842223993,0.24203127300355345,5
79,3450,0.7793361528647735,0.23923180436335575,0.5706674884001086,0.24129749985318302,5
79,3500,0.7904744268457714,0.2454965598907805,0.5719085554356014,0.2402666519000251,5
79,3550,0.7967504923900867,0.24986145413329217,0.5734430615159506,0.2388767420716747,5
79,3600,0.8003930350740209,0.2525309945511673,0.5751181360306843,0.23751233930037047,5
79,3650,0.8027345771288505,0.25426606212965364,0.5767710898823752,0.23619981098765108,5
79,3700,0.8042282035776184,0.255366181003093,0.5783131276322717,0.2349580945266651,5
79,3750,0.8051853225893292,0.25608603434026345,0.5797560292598224,0.23377977721320348,5
79,3800,0.8057501720578095,0.2566454962908182,0.5811302621341127,0.2326426170215093,5
79,3850,0.806030448680041,0.2571943748945564,0.5824419702580753,0.2315418276886744,5
79,3900,0.808054061131607,0.25500401921072274,0.5837217138260832,0.23046284505494066,5
79,3950,0.814108958597582,0.24724165544255197,0.5850862940982862,0.22932157528590952,5
79,4000,0.8257298230325654,0.23321317742492984,0.586632383585566,0.2280618908947698,5
79,4050,0.84159057487701,0.21738928364730942,0.5885564253534624,0.22653642738413474,5
79,4100,0.8638273373680088,0.2034783767416208,0.59099737652921,0.22467578674804933,5
79,4150,0.8822097017533911,0.20070467977754775,0.5926962171916035,0.22348761364519862,5
79,4200,0.8908934556694345,0.20043797780139014,0.5936710429733141,0.22288575312417458,5
79,4250,0.8957159615992359,0.1999678834236807,0.5946020920180813,0.22233138430888413,5
79,4300,0.8988950767324292,0.19905905458646486,0.5955583664162356,0.22177116679027764,5
79,4350,0.9012129913556541,0.197912846904189,0.5964929246092534,0.22123710419791004,5
79,4400,0.902960600420149,0.19667080240504145,0.5973304811772916,0.22077711131404268,5
79,4450,0.9043848827506661,0.19546017036874017,0.5980480131219855,0.22040510137997338,5
79,4500,0.9054821610127013,0.19446473667137712,0.5986351330720914,0.22012311193136377,5
79,4550,0.9063312477966949,0.1936972565737447,0.5991042752394908,0.21991956067692853,5
79,4600,0.906924110995841,0.19326637928659296,0.5994617212672801,0.21978823047818133,5
79,4650,0.9073383395957095,0.19310410791869223,0.5997142549627585,0.21972130099164255,5
79,4700,0.90764595044068,0.19309626425737164,0.5998284031875034,0.21973498634380056,5
79,4750,0.9078286995489522,0.19324851330479437,0.5997491599290544,0.21985809640246046,5
79,4800,0.9079426315299663,0.1935244359330287,0.599332967865276,0.22017360013715198,5
79,4850,0.9079491524213117,0.19393650841983534,0.5981814769711749,0.22092440161702662,5
79,4900,0.9078878247091688,0.19439651016403312,0.5994036457659226,0.22031708824393634,5
79,4950,0.9078181934650746,0.1948288731548341,0.5990360832236147,0.22062250922041632,5
79,5000,0.9077548027358127,0.19520472843323283,0.6034713830070852,0.21833179359792876,5
79,5050,0.9076552956079063,0.19563190703947692,0.6037298428368355,0.21827518887780345,5
79,5100,0.9075131209131225,0.19613083466768796,0.6040072708331331,0.21820818034012024,5
79,5150,0.9073605894823666,0.19663171270465352,0.6042869443833551,0.21814033289294238,5
79,5200,0.9071620390970415,0.19723070515353397,0.6045522355986579,0.21807918844866905,5
79,5250,0.9068869696607679,0.1980023874098097,0.6047814631139454,0.2180364769376013,5
79,5300,0.9065818677140413,0.19884298091065641,0.6049588487438324,0.2180206199362597,5
79,5350,0.906885031643401,0.19833022040597925,0.6050686678939314,0.21803893077839537,5
79,5400,0.9074636998284062,0.1971790556188216,0.605101022697256,0.21809752100393462,5
79,5450,0.9080246876685102,0.19604108595263334,0.6050628992566364,0.21819265045777056,5
79,5500,0.9086110158749838,0.19481917159488304,0.6049966753952125,0.21830432436922126,5
79,5550,0.9091934696990441,0.19359401849116845,0.6049668740263345,0.2183986083704316,5
79,5600,0.9097803606618504,0.19236414416180103,0.6049875787305958,0.2184674019667493,5
79,5650,0.9103703362074872,0.19112489114022044,0.6050602415933672,0.21851078217643774,5
79,5700,0.910945031253246,0.189920215432504,0.6051690752379751,0.218537071757452,5
79,5750,0.9115430480790399,0.18865957392394034,0.6052994822119224,0.21855331013017423,5
79,5800,0.9121299170697358,0.18742852459178194,0.6054364576213216,0.21856828285886795,5
79,5850,0.9127054942717303,0.18621569236274416,0.6055742168227696,0.21858378888099037,5
79,5900,0.9132150773712155,0.18512643704379098,0.6057049138313387,0.21860393847915516,5
79,5950,0.9137030395168956,0.1840792497368464,0.6058227201275271,0.21863144636430668,5
79,6000,0.9141257383566729,0.18316042585181733,0.605932048817836,0.21866422696100207,5
79,6050,0.9145084083209005,0.1823177665808509,0.6060257000407213,0.2187063777729272,5
79,6100,0.9148348558308144,0.18159800533611434,0.6061119250867069,0.21875484885800042,5
79,6150,0.9151234115123995,0.18096966235868928,0.606186914324579,0.2188106679460217,5
79,6200,0.9153796260132901,0.18040317174437356,0.6062550975144683,0.21887225057015175,5
79,6250,0.9155929032231904,0.17993744817912063,0.606312924922179,0.21893997165010026,5
79,6300,0.9157575140066337,0.17957916498159535,0.6063706423169859,0.21900903942973035,5
79,6350,0.9158895369074894,0.17929994669394095,0.6064282004647357,0.21908075567186616,5
79,6400,0.9160053572899047,0.17906031690152724,0.6064895058877902,0.21915199216168402,5
79,6450,0.9160982938195003,0.17887358446040671,0.6065583641528892,0.21922142947427137,5
79,6500,0.9161496712666629,0.1787860345663932,0.6066292726564665,0.21929242853881145,5
79,6550,0.9161902375792033,0.17873181849343203,0.606706846268407,0.21936091331644084,5
79,6600,0.9161822933061896,0.17879324520673454,0.6067873676002322,0.21942965566266137,5
79,6650,0.9160898510621434,0.17905216614695585,0.6072355693915958,0.21928565283326362,5
79,6700,0.9159163449451914,0.17948626054722236,0.6078186953381146,0.21906546297844187,5
79,6750,0.9155333407544556,0.18038419364165417,0.6084578189515774,0.21881578943134955,5
79,6800,0.9148001822882614,0.1820612859026572,0.6091572637319863,0.21853447869600007,5
79,6850,0.9135968090158099,0.18478208444897903,0.6099541256493203,0.21820043206976392,5
79,6900,0.9121307968066772,0.18808964107005594,0.6108487150868207,0.21781408287703555,5
79,6950,0.9130751210929353,0.18600782438589805,0.6118549739687067,0.2173730616190223,5
79,7000,0.9148826943924363,0.18199820464140623,0.6130336453670421,0.21684900101221827,5
79,7050,0.9169034324591235,0.1775055970614125,0.6144648222661443,0.21620951831170357,5
79,7100,0.9193312934553642,0.1721086088486315,0.6163556732407459,0.21537098777803476,5
79,7150,0.9222618920229393,0.16559860903064003,0.6193131020182372,0.2141181009994464,5
79,7200,0.92578260701416,0.15777028161209775,0.6240026190470702,0.21241174225769285,5
79,7250,0.9299655310497098,0.1484717915020657,0.6288995648684035,0.21105369252725592,5
79,7300,0.9348591102079044,0.13759597888545994,0.6365408854295793,0.20991344457865319,5
79,7350,0.9403290572689373,0.12543628550549588,0.6550677718121924,0.21267160952545472,5
79,7400,0.946356213153032,0.11203369141211854,0.687466909322878,0.23516496709402718,5
79,7450,0.953362858695922,0.09642511926640772,0.701561744426351,0.25035464641201743,5
79,7500,0.9622740351458012,0.0765585362994437,0.7065572096363019,0.2560967663286798,5
79,7550,0.972321263067631,0.0541556080616059,0.7084841903443555,0.25829359444447786,5
79,7600,0.9784184164982205,0.04057582299511278,0.7093610772748141,0.25934295779159855,5
79,7650,0.981875212430249,0.032882455493139645,0.7098712091783788,0.2599391244630961,5
79,7700,0.9845718432867643,0.026871302362862365,0.7102286662418148,0.2603306750556706,5
79,7750,0.9867346681815867,0.02203511021080525,0.7105714851921738,0.2605604458994445,5
79,7800,0.9884137361543877,0.018269325229310737,0.7109620157529531,0.2606395863105213,5
79,7850,0.9897439537069578,0.015277711755747686,0.7114280716816122,0.260586171273072,5
79,7900,0.9907864272900037,0.012917413535845305,0.7119572856653994,0.2604349797766143,5
79,7950,0.9916186311518161,0.011014049959089042,0.7125436071228533,0.2602096214521994,5
79,8000,0.9922963625253622,0.009454013299363679,0.71318394441448,0.2599186895757865,5
79,8050,0.9928396539139166,0.008180414032328385,0.7138603321107866,0.25958713949039663,5
79,8100,0.9932845688442421,0.007119631873836535,0.7145720284019466,0.25922177500967847,5
79,8150,0.9936443089419287,0.00624251767215247,0.7153301912974521,0.25881486850938096,5
79,8200,0.9939382847405379,0.005503868902656911,0.7161394536233042,0.25836759061040476,5
79,8250,0.9941717191983656,0.004890721574854691,0.7170097973689441,0.25787239455518424,5
79,8300,0.9943569340503252,0.004387689319151406,0.7179278693312783,0.2573476683855908,5
79,8350,0.9945030812760594,0.0039801863484236685,0.7188888541618802,0.25680093848821295,5
79,8400,0.9946172910939026,0.0036550875230811127,0.7198752749538906,0.2562489560441031,5
79,8450,0.9947092766106956,0.003394465544886842,0.720877558342988,0.25570165525473115,5
79,8500,0.9947832957741523,0.00318930720536487,0.721929863942991,0.25511505895287223,5
79,8550,0.9948380726551757,0.0030415465534669632,0.7230075965915866,0.2545044827591443,5
79,8600,0.9948736971892285,0.0029465058082226692,0.7241019479497404,0.2538766652474772,5
79,8650,0.99489599626029,0.002894034968910205,0.7252789277775634,0.2531406668230445,5
79,8700,0.9949115719413166,0.0028746599485724705,0.7264578151320171,0.25238923591037066,5
79,8750,0.9949220390195861,0.002884868686156099,0.7276259246665827,0.25163257009248763,5
79,8800,0.9949272579874705,0.002917850338076528,0.7287817570802952,0.25087468883583286,5
79,8850,0.9949279792940627,0.002969439687645535,0.7299335507678857,0.2501103942412464,5
79,8900,0.9949232180491191,0.0030358474994676603,0.7310800523890103,0.24934089559160239,5
79,8950,0.9949144485987599,0.0031192456460955075,0.7322418103034241,0.2485496378231002,5
79,9000,0.994901385083218,0.0032115387333275275,0.733421769299037,0.24773549496366556,5
79,9050,0.994884896283727,0.00331333533221776,0.7346388093387999,0.24688314560874305,5
79,9100,0.9948606975144927,0.003424239363045117,0.7358658684819872,0.24601792020675,5
79,9150,0.9948270978018741,0.003546559335677018,0.7371278556248989,0.24512043235071526,5
79,9200,0.9947882950094483,0.0036713460593403974,0.7384142751745948,0.24420285186851354,5
79,9250,0.9947423781763262,0.003805983781050997,0.7397395310612969,0.2432507119821863,5
79,9300,0.994684480788874,0.003955605730557933,0.7410730039147717,0.24229756899341184,5
79,9350,0.9946147204919347,0.0041241332912081655,0.7424638840110611,0.24129894010361727,5
79,9400,0.9945356331391941,0.004309841186890334,0.7439207400037733,0.24025459983083836,5
79,9450,0.9944421631111408,0.004516496905155124,0.7454000463357489,0.23920412661304932,5
79,9500,0.9943330439519167,0.0047422824820057925,0.7469230045517201,0.23813084281931127,5
79,9550,0.9942073285658667,0.0049884209338468015,0.7484913561059536,0.23703830045852506,5
79,9600,0.99407267891953,0.005243587702646346,0.7501296085788782,0.23591702848032037,5
79,9650,0.9939300351290871,0.005507995141671802,0.7518376371949715,0.2347665880454279,5
79,9700,0.993780480876879,0.005781984184244093,0.7536565910263877,0.2335598527014413,5
79,9750,0.9936194707994193,0.006076112905866373,0.7556232307761587,0.23227688400219212,5
79,9800,0.9934422703312581,0.006389491553120051,0.75776907341978,0.23089796431793758,5
79,9850,0.9932429777148355,0.006738017239458409,0.760113278848533,0.22940986868615473,5
79,9900,0.9930322030582346,0.007101490034438656,0.762685961843643,0.22778649296922354,5
79,9950,0.9928074138328535,0.00749159363208252,0.7654452776833172,0.22604782543067087,5
79,10000,0.9925830494800806,0.00788167558552615,0.7684276527724597,0.22415873820063634,5
97,0,0.22157254637002693,0.032180359273906854,0.2374391880692396,0.02230914445390035,5
97,50,0.2573506588551466,0.03879603742102578,0.24994117854961612,0.045368114962302544,5
97,100,0.3660015439830212,0.06406682631401407,0.2913635935236065,0.01057919784880106,5
97,150,0.38742238203925167,0.06931211981795528,0.31692007202823763,0.009704038585710914,5
97,200,0.412624809935969,0.07238321407922893,0.3437345666320706,0.040123195942250806,5
97,250,0.4302327172967151,0.07418683337973911,0.3620598758385505,0.05100408251819907,5
97,300,0.4426270236540058,0.06347910381068543,0.38061848446336777,0.049572258798346126,5
97,350,0.548573263102593,0.16914382728672725,0.40887603348023016,0.05205558874202813,5
97,400,0.5757208541095804,0.18234088791329237,0.43845611906401055,0.055871806834896454,5
97,450,0.5915314570209127,0.196618404981242,0.4667159449141083,0.057882719464493894,5
97,500,0.6003573831319822,0.21118175052693353,0.49670755772893765,0.06634252313513667,5
97,550,0.6151498250036872,0.2192399752806911,0.522567038691274,0.07268756017608412,5
97,600,0.6453248043347237,0.21850341064279113,0.5479826434025593,0.07942967478249391,5
97,650,0.6548499944816036,0.22553590995080272,0.5714597711660412,0.0886069289377601,5
97,700,0.659999173633719,0.2228525931936171,0.5796324474054039,0.12820806468681445,5
97,750,0.5906883368371229,0.19464389434249224,0.6010261108058956,0.1435562613515939,5
97,800,0.5881281792947556,0.20284912095624186,0.6220317463011539,0.14378730260543685,5
97,850,0.5907159365118619,0.20763202781191764,0.6386597522071228,0.14457833554511929,5
97,900,0.5970107624743023,0.20811079261565268,0.651841659843335,0.1438545405285271,5
97,950,0.6055123959636889,0.20821483898312368,0.6653177019586132,0.14234673259623165,5
97,1000,0.6134175555568824,0.20789149368224644,0.6804890694669364,0.14844132081684439,5
97,1050,0.6190682958292301,0.20848516416964416,0.6869453584385924,0.15135453423235368,5
97,1100,0.6261576973293044,0.21092499937880446,0.6930650329327984,0.15838939060123808,5
97,1150,0.6290615742576806,0.21394332184759798,0.7089386553639032,0.17621902737259784,5
97,1200,0.6307703337808785,0.21804539464027015,0.7202375014253709,0.19488118167884266,5
97,1250,0.6345664356995865,0.22317446632441545,0.7136392248646467,0.1938171991191254,5
97,1300,0.6430124993153818,0.2263528982333851,0.7018977692262568,0.18904801711467079,5
97,1350,0.6523218527838154,0.22983080451449012,0.6887179447995496,0.18656410175708274,5
97,1400,0.6618753568976653,0.2333034848946844,0.6798469000693763,0.1914043955654772,5
97,1450,0.6695033012514068,0.2354545329779692,0.6750344061882557,0.19363842481994548,5
97,1500,0.6780026558028359,0.23873150913577396,0.6707366905409378,0.1960371541574743,5
97,1550,0.6929956153963356,0.2366689223938541,0.6691722631867242,0.19573770261232568,5
97,1600,0.7443133125665256,0.22455457273630375,0.6661464983439148,0.19600815530506016,5
97,1650,0.7795600524217171,0.24333732604537278,0.6651271452199926,0.1967165355465415,5
97,1700,0.7867253298118426,0.24912840856557936,0.6642461854190821,0.1978871068305229,5
97,1750,0.7906373907686325,0.2520717090555682,0.6632943259354291,0.1993680142260836,5
97,1800,0.7934165408981305,0.25394520366415924,0.6623945714845222,0.20107808255535348,5
97,1850,0.7956256242259431,0.2551236625801434,0.6617034176755022,0.20286008295259605,5
97,1900,0.797757915036576,0.2554615865233936,0.6612065597786703,0.20464803265126083,5
97,1950,0.8012354461882956,0.25323339244127935,0.6609102136230423,0.20648454292752358,5
97,2000,0.8076397860158134,0.24656792001653155,0.6609035820200231,0.20829331725573857,5
97,2050,0.828932092910188,0.22095209138718544,0.6611734807802979,0.21009161507865232,5
97,2100,0.9016493474587743,0.18952812277953235,0.6616486989970886,0.2119060948210053,5
97,2150,0.9134087781258664,0.1700800213993185,0.6623576973918429,0.21380216210785918,5
97,2200,0.9285488620541017,0.13924246546172395,0.6636429862627455,0.21556416202604697,5
97,2250,0.9482459074337455,0.09723995105505343,0.6652385995855166,0.21755894028065836,5
97,2300,0.9701593081251755,0.04981930262184547,0.6671000227508148,0.219785754743435,5
97,2350,0.983626634709493,0.021085799742895515,0.6691861097743967,0.22227977677133312,5
97,2400,0.9887681613993942,0.010834721171372002,0.6714311753794866,0.22497026856620023,5
97,2450,0.9910775120227371,0.006808946483428151,0.6737115273017024,0.22778135687824835,5
97,2500,0.992359645388566,0.00497381808168801,0.6760080142946541,0.23067866653040361,5
97,2550,0.9931680720786904,0.004075733874505577,0.6782794821819635,0.23354249513315956,5
97,2600,0.993733799438372,0.0036172040987232697,0.6802629340476648,0.23615461405240282,5
97,2650,0.994148327796598,0.0033694315742821075,0.681857577118207,0.23847240097879466,5
97,2700,0.99446740503991,0.003224341031258613,0.6831500561411313,0.2404952374736599,5
97,2750,0.9947249622592753,0.003124839089670615,0.684886389751698,0.24172840396032358,5
97,2800,0.9949335689673352,0.003058614609837439,0.6866910881526749,0.24267758617178642,5
97,2850,0.9951024082241515,0.0030172872205272098,0.6883969029280712,0.2434804033984318,5
97,2900,0.995247187447879,0.002984723632558824,0.6900170258408338,0.24415454698270148,5
97,2950,0.9953644907330869,0.002971393263654165,0.6915694860866176,0.244703431653289,5
97,3000,0.9954617824000714,0.002963883729510097,0.6931568372081979,0.24505873796156358,5
97,3050,0.9955421078609202,0.002963884188858117,0.6950768444408647,0.24495362906657653,5
97,3100,0.9956029470898372,0.0029849865484488673,0.6973220891839161,0.2444348009741004,5
97,3150,0.995646119076917,0.0030241734466760423,0.6998457763609506,0.24357960409662563,5
97,3200,0.9956762031015604,0.003069896311025935,0.7027572639694549,0.24233434046812466,5
97,3250,0.9956965356615791,0.0031167809572347294,0.7062410953585689,0.24065365250122442,5
97,3300,0.9957075879231446,0.003166297049533307,0.7106410320248976,0.23839090635816593,5
97,3350,0.9957052488003771,0.0032259428021521462,0.7163110984433398,0.2354801673475332,5
97,3400,0.9956824241699205,0.0033076766068157407,0.7241501324668405,0.23184171961303385,5
97,3450,0.995644078873703,0.003410235673982208,0.7354008817692143,0.22806450829066824,5
97,3500,0.9955903420486039,0.0035385092673987785,0.7483722605401297,0.22623329238555395,5
97,3550,0.995517229671094,0.0036982946869181864,0.7611599710491733,0.2269728402472971,5
97,3600,0.9954182696899507,0.0038968619698635104,0.7721596551106875,0.2290168864850545,5
97,3650,0.9952918525854292,0.0041327265560298304,0.7816855514035123,0.2302684175103911,5
97,3700,0.9951372488945123,0.00441177338061451,0.7910672689938453,0.22873266728821917,5
97,3750,0.9949427395142231,0.0047561885166241625,0.7988853310891896,0.22673096941898993,5
97,3800,0.9947041216386598,0.005185333313477029,0.8068223721605874,0.22310905550685575,5
97,3850,0.9944006875281195,0.005742280969220503,0.8163162133220256,0.21740734892897656,5
97,3900,0.9939993791146714,0.006494308153124903,0.8306927819664447,0.2087083250862506,5
97,3950,0.9934523554509592,0.007548613373408319,0.8503981728349626,0.2018610175151233,5
97,4000,0.9926665553873654,0.009115595031673002,0.8668895255423135,0.20240204255326774,5
97,4050,0.9914612298582635,0.011607276077802596,0.8758010163709329,0.20516804998708707,5
97,4100,0.9894244842799876,0.01593718738585343,0.8805647676636139,0.20729653249475993,5
97,4150,0.9855859899069069,0.024274414564313673,0.8832641950170604,0.20868957611978686,5
97,4200,0.9777476627462617,0.041566421507232436,0.8849424937019117,0.20966185140521118,5
97,4250,0.962029850012667,0.07648273155421917,0.8860699889323176,0.21035366685671292,5
97,4300,0.9379360679186755,0.13012572018821034,0.8868870086320638,0.21086545906278523,5
97,4350,0.9392663746799021,0.1269350390524817,0.8875249312062112,0.21124319940045486,5
97,4400,0.9725871199606853,0.05226475977012261,0.8880303958482247,0.21157168517985112,5
97,4450,0.9840948140460046,0.026404544092815924,0.8884405112955706,0.2118763440091724,5
97,4500,0.9890661145458994,0.015190684709349776,0.8887801739666168,0.2121694882688013,5
97,4550,0.9913894482347017,0.009882783904347246,0.8890745328208838,0.2124347384833419,5
97,4600,0.9925134443882178,0.007163261566574189,0.8893485388722484,0.2126458044023767,5
97,4650,0.9929506060674771,0.005768769424461526,0.8895793924173844,0.21287485678428297,5
97,4700,0.9928017163991837,0.0053824211666830876,0.8897597366692754,0.21315757453940778,5
97,4750,0.9918248890004147,0.00673388031574411,0.8899219222327569,0.21343088336979973,5
97,4800,0.9890066152530048,0.01251302879086088,0.890076375879222,0.2136838590448324,5
97,4850,0.9811337280003938,0.02996250581063748,0.8902347560782047,0.2138921428966142,5
97,4900,0.9566754050911952,0.0846836901972296,0.8903925040453848,0.21407473425949022,5
97,4950,0.928384924713805,0.14807378349182967,0.890552291630182,0.2142238715978121,5
97,5000,0.9173770503796042,0.17280583465998214,0.8907201274741812,0.2143298432044586,5
97,5050,0.9118053632088555,0.1853282464081446,0.8908845190185647,0.2144220070164214,5
97,5100,0.9084105134613603,0.192938782840394,0.8910528172698118,0.21448278044167307,5
97,5150,0.9061140934913628,0.19806865994548456,0.8912176594511645,0.21453004207953935,5
97,5200,0.9044725829480005,0.20170789823948312,0.8913738461228922,0.2145807054906912,5
97,5250,0.9032383950664877,0.20441897920508523,0.8915201769937934,0.21463916998297516,5
97,5300,0.9022696730211065,0.2065249689446345,0.8916477062181253,0.2147263759636813,5
97,5350,0.9014702743101465,0.2082344326353233,0.8917723696816411,0.21480753149157575,5
97,5400,0.9017556322342274,0.2074982394117133,0.8918977094906199,0.2148715318077205,5
97,5450,0.9022554111130064,0.20629893193170368,0.8920232082422289,0.21492364286876767,5
97,5500,0.9027812468363897,0.20505721364736448,0.8921578744893292,0.21494338959522105,5
97,5550,0.9033678243890481,0.20370510591936214,0.8922858244693652,0.21496688333177277,5
97,5600,0.9040402569792297,0.20216645569351113,0.8924195117833333,0.21496669153024756,5
97,5650,0.9048041662746807,0.20042156218851856,0.8925577436830061,0.2149456344946652,5
97,5700,0.9056569755438548,0.19849172835474216,0.8926930933343983,0.21492145451977282,5
97,5750,0.9065831867717207,0.1964090322977925,0.8928099905061374,0.21492857610898025,5
97,5800,0.9076189073985289,0.19409536042032613,0.892921171835591,0.21493835619036103,5
97,5850,0.9088043955228955,0.19146793689248479,0.8930446921009675,0.2149126047962732,5
97,5900,0.9102247131784751,0.18832026549492384,0.8931754663452561,0.2148624517965077,5
97,5950,0.9119413292615495,0.18451522413134874,0.8933026575473167,0.2148132323983092,5
97,6000,0.913990309648301,0.17997222674467064,0.8934238940156923,0.21477289998713237,5
97,6050,0.9164460588485327,0.17451467833483686,0.8935502466399916,0.21471428338726745,5
97,6100,0.9195304758260265,0.16763416573151352,0.8936839759372475,0.21463262294818014,5
97,6150,0.9234841668253232,0.1587875087957105,0.8938373842084884,0.21450249081934053,5
97,6200,0.9286244065320411,0.14727441150743178,0.8939952640114467,0.21435433823990055,5
97,6250,0.9354849322631235,0.13191468532786962,0.894153931977187,0.21419729495496448,5
97,6300,0.9450063714127453,0.11060345789146035,0.8943475668947143,0.21395908136100356,5
97,6350,0.9624330581978096,0.07167792807061386,0.8945711318731837,0.21365026135721352,5
97,6400,0.9766808437543598,0.040009485784104654,0.8948055518776358,0.21331230867047143,5
97,6450,0.9832570685492396,0.02557632211855965,0.8950387628571572,0.21297244909066004,5
97,6500,0.9869188630641827,0.01775100584529069,0.8952819249611582,0.21260447925469747,5
97,6550,0.9891701149262564,0.013197294214358947,0.8955386267955205,0.21220003161487025,5
97,6600,0.9906191038868628,0.01055274230188538,0.8958597692658463,0.21164654824423448,5
97,6650,0.9915668804218907,0.009100288511890273,0.896331688790059,0.21075107837043455,5
97,6700,0.9922057741127401,0.008349667802906899,0.8969773880090766,0.209463600784754,5
97,6750,0.9926393566222063,0.00801396904037602,0.8980497502941154,0.2072169345080608,5
97,6800,0.9929411796922636,0.007916786748395068,0.9001047708303908,0.2027711139119075,5
97,6850,0.9931399131700425,0.007958431164780311,0.9050306141986639,0.1919031697244796,5
97,6900,0.9932740990562625,0.00806208103207451,0.9217952175401896,0.1545781888926664,5
97,6950,0.993361490232512,0.008200224259550462,0.9836047532648801,0.01751575239287647,5
97,7000,0.9934059131716908,0.008363773183537412,0.9906244409632337,0.0062157647169157745,5
97,7050,0.9934229835918635,0.008530159275027926,0.9912230657853858,0.0061261247772072345,5
97,7100,0.9933989011001221,0.008717155486365952,0.9913828761978529,0.006097648536013563,5
97,7150,0.9933416023298464,0.008913810090079228,0.9914631908420128,0.006057265204817879,5
97,7200,0.9932510445423078,0.009132455140740084,0.9915226827037956,0.006013413869430734,5
97,7250,0.9931331114835454,0.009356884588999035,0.9915743185429601,0.005968874151374777,5
97,7300,0.9929813583314988,0.009605699624522226,0.9916221600190528,0.005925044863586016,5
97,7350,0.9927978297619525,0.009871630652646912,0.9916665222212968,0.005882561167377636,5
97,7400,0.9925831947337406,0.010143915327194289,0.9917085233960898,0.005841518055770353,5
97,7450,0.9923299850965485,0.010431933066982353,0.9917481259028739,0.0058017291821863175,5
97,7500,0.9920239402158081,0.01076984736759908,0.9917859971877098,0.005763258041326293,5
97,7550,0.9916687633700902,0.011144877930585778,0.9918225056873298,0.005725974124409781,5
97,7600,0.991260628410631,0.011543998588861782,0.991857661916415,0.005689813088925757,5
97,7650,0.9907635604647534,0.012024068817115513,0.991890988009467,0.005655667163899098,5
97,7700,0.9901585584940413,0.012606179995728592,0.9919230641227591,0.0056234145461385825,5
97,7750,0.9893946695474072,0.013371509140320032,0.9919543035447832,0.00559280504847498,5
97,7800,0.9883967305380597,0.014458881585167664,0.991983336221713,0.005564335170601597,5
97,7850,0.9869744820300583,0.0162221812232322,0.9920084737668561,0.0055385782615604085,5
97,7900,0.9846052414135333,0.01971532298216301,0.992023794748483,0.005518890777417897,5
97,7950,0.9792073126571059,0.02944166571108115,0.9919936684517726,0.005527808482075591,5
97,8000,0.960010818383047,0.06983890314026467,0.9910042004681119,0.006530967740733586,5
97,8050,0.9286897137917142,0.1386226612845003,0.9077113582043846,0.19028643641143192,5
97,8100,0.9098243858794226,0.1800638017185615,0.8979791201312072,0.21215592469717443,5
97,8150,0.9021979767654048,0.19647681508038173,0.8959275031238667,0.21685596223595222,5
97,8200,0.8982883200379512,0.20462334822210745,0.8950855889803234,0.21885012247893476,5
97,8250,0.8958695571850986,0.20945276224431494,0.8946149060720926,0.22001379539834584,5
97,8300,0.8941663287626478,0.21270255581406733,0.8943262439710615,0.22076933694719628,5
97,8350,0.8928737689153416,0.21508037657725285,0.8941279250206354,0.22131951679939213,5
97,8400,0.8917781805829116,0.2170254605217707,0.8939946892552103,0.22172226536187117,5
97,8450,0.890840698475179,0.2186215821208053,0.8938999371942563,0.22203579231907694,5
97,8500,0.8922580764184099,0.21495258019142416,0.8938230547001612,0.2223109871512083,5
97,8550,0.8948692582800015,0.2086361140151104,0.89377209402329,0.2225298360425429,5
97,8600,0.9007043022443388,0.1951880162431122,0.8937355592654832,0.22271689022486604,5
97,8650,0.9190459707752741,0.15402842622915303,0.8937180505930551,0.22286053315287915,5
97,8700,0.9597706061525918,0.06445400590793282,0.8937041010655704,0.22299535956684763,5
97,8750,0.9829386208552183,0.022382234340578188,0.8936928751798028,0.223123558148389,5
97,8800,0.9849325079855638,0.021321570711341654,0.8936819867992963,0.22325008603962118,5
97,8850,0.9856288773703916,0.021516613033574612,0.8936754277676167,0.2233654637525152,5
97,8900,0.9859641489616805,0.02199181895048389,0.8936740581454712,0.22346878879771734,5
97,8950,0.9861162673141333,0.022590461681735136,0.8936741548129019,0.2235689784939878,5
97,9000,0.9861532987063627,0.023253539812680572,0.8936799230631107,0.22365570282431368,5
97,9050,0.9860889975376264,0.024004915883142217,0.8936868811402621,0.2237406725850386,5
97,9100,0.9859768877325072,0.024764753753512673,0.8936937396276519,0.22382450267149556,5
97,9150,0.9857994814259997,0.025580189201529973,0.893708620472957,0.22388902908029543,5
97,9200,0.9855604810374005,0.02646868039524079,0.8937195868601859,0.22396056450774057,5
97,9250,0.9852888075797424,0.02737470681288503,0.8937272816333676,0.2240387767765427,5
97,9300,0.9849689965633379,0.028340895220684923,0.893733367703898,0.22411947073976662,5
97,9350,0.9846072163214927,0.029361956588297426,0.8937393192891019,0.22419999522195516,5
97,9400,0.9842089358616936,0.03043184605770751,0.8937427978982972,0.22428479888323433,5
97,9450,0.9837830156012513,0.03153568800877547,0.8937474677307793,0.22436618023834454,5
97,9500,0.9833413585268924,0.03264985085626709,0.8937521730936557,0.2244477761038956,5
97,9550,0.982854743431945,0.03384015111328498,0.8937557185914097,0.22453080395341052,5
97,9600,0.9823507161201929,0.03504592328234218,0.8937596900336491,0.22461190358305844,5
97,9650,0.9817750477653937,0.03639411323872285,0.8937586240003967,0.22470275852214117,5
97,9700,0.981166182790179,0.037798241246632766,0.8937569176094325,0.2247939413515784,5
97,9750,0.980506747329388,0.039301843920600966,0.8937530150337907,0.22488816286038485,5
97,9800,0.97979434397493,0.04091140534945214,0.8937480083894218,0.22498359166197213,5
97,9850,0.979010203476761,0.04266274948783621,0.8937397275173764,0.22508511161473488,5
97,9900,0.9781258249301925,0.04462092052234409,0.8937305373825982,0.22518684998463917,5
97,9950,0.9771652120677939,0.04673261378647306,0.893721777872464,0.22528694610826375,5
97,10000,0.9761179549267719,0.04902067003196877,0.8937114056950178,0.22539041679015545,5
113,0,0.2362922473946462,0.03825826174374641,0.2380311647356039,0.017036587598563302,5
113,50,0.2337104601739655,0.024076613781973913,0.23041871159148805,0.03165089002590721,5
113,100,0.3099847546434493,0.07725265101437545,0.23331987015047895,0.031079230562649354,5
113,150,0.35014697363694536,0.10375331752846739,0.2509678758196485,0.03090195095310525,5
113,200,0.37354284168439267,0.14377381336858122,0.26113638266589095,0.03586393058500531,5
113,250,0.4033853028036133,0.18807336357320506,0.27818742176493816,0.04158858476282542,5
113,300,0.45429780849152757,0.18523337930307893,0.3135728464147246,0.06275811160125142,5
113,350,0.49894432967707664,0.19505486623160487,0.33304844709757003,0.09415391422749785,5
113,400,0.5308294063107453,0.20938626743164054,0.35883465680549387,0.1308563534446704,5
113,450,0.5505224575068032,0.21996672272404855,0.38123293972377337,0.1742151844404171,5
113,500,0.5732316609921522,0.21707495305920116,0.41098278477221717,0.18815164820014285,5
113,550,0.5837378849353013,0.21733688077456523,0.4213017425627552,0.20072074675025958,5
113,600,0.5861994092949268,0.2226216877942391,0.42661071485326846,0.21345926285696712,5
113,650,0.5838883856548478,0.23474324770595292,0.4324859861941344,0.22302381870640242,5
113,700,0.5884968843609117,0.24256968553067515,0.4453515373588023,0.22877995383607783,5
113,750,0.602381244004475,0.23779930119641854,0.4532945492083314,0.23799898874843792,5
113,800,0.616924640048205,0.23447750637647014,0.4708440366731185,0.23838669365862172,5
113,850,0.6349183073095994,0.2376208481974137,0.48898697189318296,0.23729851894825393,5
113,900,0.6616826795871155,0.24636929697583437,0.5039484815985469,0.23717090573287394,5
113,950,0.6842610826921653,0.24342331101896544,0.5226316859040191,0.23414274790802994,5
113,1000,0.6844958855353448,0.25608436419387937,0.5425146932136136,0.2255382627387046,5
113,1050,0.6961405331141284,0.2519529651456819,0.5665659409560184,0.22072738101884695,5
113,1100,0.7096110760475358,0.24378355141045177,0.5917629101150598,0.2274002460463664,5
113,1150,0.7150782582457506,0.2457893244195382,0.6341405874479406,0.24834055870845467,5
113,1200,0.72349764149331,0.2492691518727198,0.6623812432454455,0.2719246313151337,5
113,1250,0.7260159724386724,0.25955936855089845,0.6702498953235599,0.28201219429183894,5
113,1300,0.733413814705619,0.2698322898566972,0.6944760715088248,0.2588594609962244,5
113,1350,0.746725051197218,0.2735372023642851,0.7057935352140909,0.2515113813444604,5
113,1400,0.7706242044673808,0.2655134415428146,0.7148607914265973,0.24613057684379305,5
113,1450,0.7862957711911442,0.25948911410596587,0.7234469958750535,0.24097042787321968,5
113,1500,0.7954844740862183,0.2557358703892843,0.7326540964651164,0.2356075125068572,5
113,1550,0.8016247507749886,0.2518620734268695,0.7411892793114924,0.23063178768727605,5
113,1600,0.8075025409765354,0.24621755093263817,0.7509585968916852,0.22408750280754547,5
113,1650,0.8168400431440297,0.2359455769648887,0.7580187556360956,0.22090572009205134,5
113,1700,0.8356087032955175,0.21953310858181965,0.7649669237701701,0.21851364400814044,5
113,1750,0.8535977067369256,0.21101218717363138,0.7723808656064681,0.21876390941477628,5
113,1800,0.8673349359127454,0.21149769727983767,0.7804417651191109,0.22085926445692208,5
113,1850,0.8653840987016294,0.21330173130377147,0.7860346318187091,0.22434416479632008,5
113,1900,0.856001974925596,0.2165319101711103,0.7909631771001168,0.22753472622657683,5
113,1950,0.8477388016448705,0.2211705457216405,0.7954361260709935,0.23039158906049925,5
113,2000,0.8373265180373617,0.22840316535930405,0.7991710719466161,0.23233940670184594,5
113,2050,0.8265027117597156,0.2379486587606178,0.8019670291196692,0.23374676790537374,5
113,2100,0.8198946656590183,0.24496517646647228,0.8031540176872352,0.2360448268279483,5
113,2150,0.8146018841076869,0.25107989643114187,0.8038604647190059,0.23816895342979663,5
113,2200,0.8107952189578969,0.25577362604385123,0.8043154497419861,0.24003231267595182,5
113,2250,0.8080480698239367,0.2593285480551659,0.8045570601239669,0.2417641929367477,5
113,2300,0.8059331325404653,0.26215360649367225,0.8046015967076078,0.24343126446715055,5
113,2350,0.8043067434395664,0.26437157502028463,0.8043020932807804,0.2453083959768761,5
113,2400,0.8032232377067082,0.26584760113927386,0.803608113857439,0.2475146910846164,5
113,2450,0.8025987524476706,0.26668262107997714,0.8024792352125958,0.2501541763722022,5
113,2500,0.8022695419863441,0.2671256358087658,0.8011407751425667,0.25294578321404854,5
113,2550,0.8021659681997166,0.2672654773165502,0.7998670492500319,0.2555389676091294,5
113,2600,0.8023165971683893,0.26706232308922684,0.7987061458076958,0.25788321571269257,5
113,2650,0.8027112908005043,0.26652293152508805,0.7978031423907674,0.25980085136572095,5
113,2700,0.8034450020943911,0.2655200294364612,0.797059478096514,0.26143405915093626,5
113,2750,0.8042121649573909,0.2644737399384809,0.7963683403814976,0.2629483346989896,5
113,2800,0.8056134633268879,0.26252782043053763,0.7957498546455906,0.2643183383119951,5
113,2850,0.8073107787247761,0.2601327648200695,0.7952056543988337,0.26554714728588547,5
113,2900,0.8092190642504806,0.25741565697020236,0.7946566187566269,0.26674261824806594,5
113,2950,0.8105658336300195,0.25549273836750325,0.7941442517999678,0.2678581221023147,5
113,3000,0.8120945967865598,0.2533003373660157,0.7936842482905925,0.26887352083713273,5
113,3050,0.8145022652793299,0.2497592133534249,0.7932468180695402,0.26982852986440115,5
113,3100,0.8174907861489991,0.24509615358934944,0.7928648893217971,0.2706854500458472,5
113,3150,0.8208835937412681,0.23913776571391793,0.7925203338744329,0.2714730442519093,5
113,3200,0.8239164798841656,0.23154582428130135,0.7922147940731438,0.27218680174653814,5
113,3250,0.8264269666847004,0.21978494678473254,0.7919423255093423,0.272834093890471,5
113,3300,0.820228402548562,0.20655965650127647,0.7917018905434152,0.27341727195135634,5
113,3350,0.8036405519611552,0.2065416799441376,0.7914969557067055,0.27393835054570403,5
113,3400,0.7966369735222754,0.21769301291104068,0.7913205255326795,0.2744040226125995,5
113,3450,0.7968867058279294,0.2286904653399051,0.7911703477694071,0.2748198984272043,5
113,3500,0.7994008995061709,0.2395284368533585,0.7910242674684347,0.2752127569881305,5
113,3550,0.7983858234914607,0.24688154603233586,0.7908818395171904,0.27558479868333263,5
113,3600,0.8001983077882154,0.24919606463232086,0.7907568388714485,0.2759209580779109,5
113,3650,0.8047086158366927,0.2471596306238951,0.7906633977410451,0.27620139722806464,5
113,3700,0.8095346840409557,0.24428010788356935,0.7906130621650875,0.27641163936034163,5
113,3750,0.8149744050659579,0.24038743553944403,0.7906429877405531,0.276500248235099,5
113,3800,0.8215980730145652,0.23510130724279532,0.7906671769902232,0.2765846701417848,5
113,3850,0.8305491209165858,0.2276734494294188,0.7906893422366279,0.2766611102502229,5
113,3900,0.8447211033139138,0.21748451397641413,0.7907064000263716,0.2767321018626444,5
113,3950,0.8706917620919855,0.2086010984622353,0.7907173448265123,0.27679921064953816,5
113,4000,0.8844934283774605,0.20993584087374853,0.7907167165768677,0.2768680458612696,5
113,4050,0.8910337124159602,0.21191700399574784,0.7907135694664157,0.27692732674128573,5
113,4100,0.8944821115232662,0.21316251982339102,0.7906953485616738,0.27699314216480525,5
113,4150,0.8965205754347099,0.21373911546216673,0.7906658512327152,0.27705888275505763,5
113,4200,0.8978790809522919,0.21393259962241848,0.7906225527743874,0.2771272275260582,5
113,4250,0.8988504174568215,0.21394287612105956,0.7905614714468046,0.27720407032655275,5
113,4300,0.8995699775429894,0.21379475111172047,0.7904756754754001,0.27729626050355216,5
113,4350,0.9001739985638298,0.21350920549015237,0.790356945145633,0.27741299659346697,5
113,4400,0.9006805512424136,0.21322479936950806,0.7904713242108086,0.27718356681547424,5
113,4450,0.9011117688427903,0.21295220246483076,0.7906806534154486,0.27679264201783177,5
113,4500,0.9015382905467986,0.21263412221316355,0.7909177363551634,0.2763322436883701,5
113,4550,0.9019125237906697,0.21236863824159805,0.7911904447707934,0.2757850451635447,5
113,4600,0.9021948260298447,0.21222283649782225,0.7914895548784957,0.2751586178799306,5
113,4650,0.9024262737626969,0.21209053527518928,0.7917861876304221,0.2744871755745649,5
113,4700,0.902602279632258,0.21198987882706163,0.7920520368087726,0.2737989121671581,5
113,4750,0.9027265511510283,0.2119031234163763,0.7922390980225408,0.27314606804469366,5
113,4800,0.9027870464458072,0.21187877352897963,0.7923282275703722,0.27254092985062944,5
113,4850,0.9028311979083619,0.21186655269438942,0.7923093987673677,0.2719733799206044,5
113,4900,0.9028766604647166,0.2118065594140518,0.7921814365577433,0.2714265357550635,5
113,4950,0.9028871249728506,0.21173110488135655,0.7919469051128543,0.27086635924382874,5
113,5000,0.9028283070783207,0.21168447981387703,0.7915970047366081,0.27025656818472205,5
113,5050,0.9026634169392165,0.2117221681926726,0.7911028999206767,0.2695763863433362,5
113,5100,0.9023699688735607,0.21182663198987106,0.7904221366548083,0.26879140467934814,5
113,5150,0.9018848813948365,0.21198810105812704,0.7895253699767077,0.2678493133580873,5
113,5200,0.9011302951261269,0.2121140784112995,0.7883415349876791,0.26670157526694444,5
113,5250,0.899956829941034,0.212131829881031,0.7867574363875156,0.26529761516211675,5
113,5300,0.897951667004206,0.21190520036774319,0.7846560680044448,0.26357303210082894,5
113,5350,0.8942286627304812,0.2110820525961874,0.7818334020916987,0.2614237106469313,5
113,5400,0.8864417336669576,0.2094483267417835,0.778037235503509,0.2588359934359185,5
113,5450,0.8652229460458659,0.21089178955174134,0.7731446423572454,0.25594791343889,5
113,5500,0.8443003469766157,0.2220216271999325,0.7637601525144507,0.25183907306908465,5
113,5550,0.8288026559994314,0.23561679779419686,0.7575329806847729,0.25003103776746777,5
113,5600,0.8207732601705459,0.2440965410563005,0.7522188772597718,0.2491024401631582,5
113,5650,0.8155936347210698,0.24995651520587311,0.7473969934465147,0.24876195713666233,5
113,5700,0.811772063371512,0.254410273784624,0.7430478915466078,0.2488579064777278,5
113,5750,0.8086653103614028,0.2580997818380266,0.7372025412492873,0.24965890589406778,5
113,5800,0.8066000392397569,0.2604335783168064,0.7326914026501851,0.2507498343760037,5
113,5850,0.8057247189436889,0.2612747198979826,0.7296318790950003,0.2517175415771862,5
113,5900,0.8075899007372659,0.25859843643164226,0.7269651032723564,0.2527149019852279,5
113,5950,0.8098312505699297,0.2555069871056138,0.7246412937184696,0.253702738158671,5
113,6000,0.8126681740832463,0.25177466402406556,0.7226048626704812,0.2546534740483838,5
113,6050,0.8161003691491713,0.24752035833102362,0.7208029683124162,0.2555645064770206,5
113,6100,0.8200126823221455,0.24293208041664294,0.7191778365015588,0.25644609922860273,5
113,6150,0.8256920985375198,0.23674042212552496,0.7176825161804706,0.25730446601377066,5
113,6200,0.8343784651976466,0.22840669459835125,0.7162684275423152,0.2581606622346419,5
113,6250,0.8469862789253505,0.21894449467966787,0.7149241650935996,0.25901463496042865,5
113,6300,0.8599935329999513,0.21274758428014556,0.7136796059764431,0.2598403752915609,5
113,6350,0.8769874979925599,0.21060918221261343,0.7125856451315578,0.2605930712121945,5
113,6400,0.8857011094112783,0.21214337769237523,0.7116737049088276,0.26124096197441377,5
113,6450,0.8896748525260815,0.2134422523589935,0.7109275841840794,0.2617840322741877,5
113,6500,0.8920076841890497,0.2144120941885435,0.7103119939832491,0.26224276613597064,5
113,6550,0.8935094132708815,0.2152005985025975,0.709809056127529,0.26262385651395176,5
113,6600,0.8945177270048111,0.21586710946504956,0.7093954478878889,0.2629424257913773,5
113,6650,0.8952010566578621,0.21651773748418413,0.7090530705667766,0.26321019214057745,5
113,6700,0.8956417975406346,0.21717977992158244,0.7087714902887102,0.2634335389756738,5
113,6750,0.8958322444230914,0.21785401636003662,0.7085424343593978,0.26361754130488424,5
113,6800,0.8956941128379966,0.2185124482954275,0.7083474006936826,0.2637767894423481,5
113,6850,0.8950806464688582,0.2189388232982615,0.7081752125148654,0.26392187436499154,5
113,6900,0.8936140227134871,0.2189460011114392,0.7080083119344568,0.2640685330977073,5
113,6950,0.8907811476295182,0.21837954110591384,0.7077264689641573,0.2643311281159945,5
113,7000,0.8856913247313064,0.21723700699846063,0.7065587255510287,0.26545584404877826,5
113,7050,0.8766613484275598,0.21608203546081603,0.7049277398271815,0.2670630327915003,5
113,7100,0.863457436196233,0.2174576311490398,0.7045718064581175,0.2674223518477322,5
113,7150,0.8516062213176787,0.22198991557218647,0.7045218891941746,0.26748204259423164,5
113,7200,0.8425653369908104,0.2270620603635195,0.7045548490804834,0.26746418662072985,5
113,7250,0.8364375034193379,0.2313724826084731,0.7046354240563876,0.26740509682835634,5
113,7300,0.8320849746602015,0.23481537829765992,0.7047445668873115,0.2673228628425961,5
113,7350,0.8289826547654855,0.23740576042382217,0.7048866543842125,0.26721393327751397,5
113,7400,0.8269310040784449,0.23912061956448188,0.7050535308828718,0.26708550755739796,5
113,7450,0.8256353015488677,0.24016806493883708,0.7052442541651502,0.26693866634008157,5
113,7500,0.8247073718221088,0.24087076210992292,0.7054728403523215,0.2667619298192571,5
113,7550,0.8241446030000288,0.24118534008943712,0.705727862545235,0.26656588248827834,5
113,7600,0.8237375131911534,0.24135379331029924,0.7060175667081714,0.26634368991416446,5
113,7650,0.8233755794903016,0.24149831725377183,0.706339648640463,0.2660972547551956,5
113,7700,0.8226744595513623,0.24209264690644056,0.7067112923427069,0.2658133410189595,5
113,7750,0.8204279674305284,0.24469561199063283,0.7071230965345988,0.2655007880941352,5
113,7800,0.8160347394319001,0.25047585752554474,0.7075827453580114,0.2651544018710539,5
113,7850,0.8134738666363535,0.2542211606570973,0.7080875297114562,0.2647781489268361,5
113,7900,0.8120321398048751,0.2566298814908236,0.7086621987477488,0.2643545271954729,5
113,7950,0.812056239093858,0.25697679282592784,0.7092908325167495,0.26389725507504963,5
113,8000,0.8115250158758318,0.2582078621579721,0.7099894013008698,0.2633965223045836,5
113,8050,0.8134543916072501,0.2556238067460461,0.7107815488034874,0.2628380536584409,5
113,8100,0.8151777855186916,0.25333375316550577,0.7116818338829781,0.26221583879040805,5
113,8150,0.8166125134940325,0.25150578424613745,0.712708523936181,0.261522624767225,5
113,8200,0.8178164723684155,0.25004585926254513,0.7138960511726964,0.2607444494682427,5
113,8250,0.8188233821978597,0.24887984243784814,0.7156968048697441,0.25944188826733355,5
113,8300,0.8197430800018051,0.24784422968555378,0.7177582556520227,0.25799517713244785,5
113,8350,0.8206596756189605,0.246820246409925,0.7201111501397255,0.25640466633912623,5
113,8400,0.8215868594712971,0.24579635755787385,0.7227956259522885,0.25467075434012165,5
113,8450,0.8224736147582685,0.24483697533844015,0.7258669351864963,0.2527954487732709,5
113,8500,0.8233667627469248,0.24387767050291076,0.729354247506946,0.2508168189343382,5
113,8550,0.8242361789037845,0.24296006006923881,0.7332829241537651,0.24879067934809126,5
113,8600,0.8250891367134633,0.24204582768861158,0.7377215834942052,0.24677695254092769,5
113,8650,0.8259061859138875,0.2411706801378673,0.7436571810513477,0.2446663861553254,5
113,8700,0.8265903883422411,0.2404544833251851,0.7534094594104916,0.2427979438738908,5
113,8750,0.827128946129577,0.23990501553925614,0.7605087967810598,0.24224735541062092,5
113,8800,0.8275207750564143,0.23950581965053958,0.767593613873802,0.24249358964033157,5
113,8850,0.8278324002051687,0.23918584424418535,0.7743434694805424,0.2433890112883077,5
113,8900,0.8280248471454453,0.23898932865593514,0.7805110002252565,0.24464614952114208,5
113,8950,0.8281862353936238,0.23882269327020383,0.7860867342160458,0.24599564423437956,5
113,9000,0.8283165050353802,0.23868256210073208,0.7909369373831132,0.24705499893859112,5
113,9050,0.8284566132957547,0.2385366213946508,0.7954156229998955,0.2473069509029786,5
113,9100,0.8287305495219981,0.2382400047022697,0.801772037030135,0.24432713326066896,5
113,9150,0.8290640590830998,0.23787578264637543,0.8051897761190219,0.24401168548726096,5
113,9200,0.8294459295640575,0.23746268217326558,0.8086315773696623,0.24302409425634242,5
113,9250,0.829764786997974,0.23712380433740068,0.8121742860685813,0.24144190495081513,5
113,9300,0.830103782892803,0.23675585769328814,0.8157765569702884,0.2394702907209556,5
113,9350,0.8305101523664085,0.2363126361146104,0.819483529791368,0.23717618014051386,5
113,9400,0.8309263298894174,0.23588080693611171,0.8234918577787257,0.23446125668784956,5
113,9450,0.8313015332896344,0.2355213202315889,0.8281760440478991,0.23114457169460834,5
113,9500,0.8316420268169756,0.2352258593456964,0.8340040202975594,0.22707442495848276,5
113,9550,0.8319323677177032,0.23503481851532398,0.8408864135564396,0.22273182813613424,5
113,9600,0.8322090569201375,0.23491076198045757,0.8487741181197982,0.21863746168563686,5
113,9650,0.8325120909563125,0.23475796480405312,0.8596187691560603,0.2148469530257719,5
113,9700,0.8327597007487569,0.2346770043998918,0.8691549477022557,0.21356893212309305,5
113,9750,0.8329930813769683,0.23459257908586664,0.8753490005650856,0.2138041936911928,5
113,9800,0.8332302322363591,0.2344279814247246,0.8799711650033698,0.21449878693174404,5
113,9850,0.8336731164518066,0.23390458793443344,0.8834636467068473,0.21529894946287848,5
113,9900,0.8343511598735367,0.23305812837654322,0.8861197615942884,0.2160563889547913,5
113,9950,0.8350754565657725,0.232124848463262,0.8881739884935543,0.2167179568439909,5
113,10000,0.8356958716567432,0.2314089147755846,0.8897784227151819,0.21727347885469145,5
