architecture,lambda_reg,seed,initial_classifier_pr,halfway_threshold,halfway_epoch,log_epoch_auc,final_classifier_pr,final_test_accuracy
lstm,0.01,1,13.43521306608396,7.71760653304198,1250.0,2.9887157547780405,1.988254580900915,0.6259298324584961
lstm,0.01,2,13.871679737187687,7.935839868593844,1200.0,3.000240034207596,1.999993797015536,1.0
lstm,0.01,3,13.047316087253838,7.523658043626919,1100.0,2.9727601997700437,1.9913218727843145,0.9900814890861512
lstm,0.01,4,11.41621498393278,6.70810749196639,1300.0,3.0804824761881227,1.9994499457296009,1.0
lstm,0.01,5,11.774894743744698,6.887447371872349,1250.0,3.087762186881335,1.9998393235288532,1.0
lstm,0.1,1,13.435084455845937,7.717542227922968,625.0,2.626845643446371,1.9888770937930615,0.6085724234580994
lstm,0.1,2,13.87138873226453,7.935694366132265,525.0,2.580969899644671,1.9999810506003808,1.0
lstm,0.1,3,13.038882225721078,7.519441112860539,550.0,2.6141585548734323,1.9972505787590544,0.989018738269806
lstm,0.1,4,11.41424091216234,6.70712045608117,550.0,2.637700122415036,1.9989757649641609,1.0
lstm,0.1,5,11.77267234780282,6.88633617390141,525.0,2.577710726287105,1.999918107075645,1.0
lstm,0.5,1,13.435066105594409,7.717533052797204,310.0,2.235543472173196,1.9900433925614327,0.5777541399002075
lstm,0.5,2,13.87136507778286,7.93568253889143,260.0,2.232706081611379,1.9997479084188163,0.9876018166542052
lstm,0.5,3,13.038817203024797,7.519408601512398,320.0,2.3101126726268184,1.995135937154726,0.955720841884613
lstm,0.5,4,11.414210098902627,6.707105049451314,290.0,2.2909270833223325,1.9993784998464428,1.0
lstm,0.5,5,11.772633848837437,6.886316924418718,270.0,2.219665617748125,1.999609105665146,0.9996457695961
lstm,0.7,1,13.43506484121598,7.71753242060799,220.0,2.157603626752003,1.9849219184138795,0.582004964351654
lstm,0.7,2,13.8713633314129,7.93568166570645,210.0,2.148485721174162,1.9988681621300677,0.994686484336853
lstm,0.7,3,13.038815375216448,7.519407687608224,270.0,2.2404133222240037,1.9928685264777788,0.9337583780288696
lstm,0.7,4,11.414208208640972,6.707104104320486,250.0,2.2194270278945183,1.99898188261355,1.0
lstm,0.7,5,11.772631676490764,6.886315838245382,220.0,2.140632227605045,1.999655540129016,0.9907899498939514
lstm,1.0,1,13.435063884276486,7.717531942138243,90.0,2.0853222581297137,1.982960442990792,0.5653560161590576
lstm,1.0,2,13.871362082934974,7.935681041467487,160.0,2.058616883946099,1.9992278882132812,0.9929153323173524
lstm,1.0,3,13.03881402843153,7.519407014215765,220.0,2.1622021406147787,1.9911014200877637,0.9582005143165588
lstm,1.0,4,11.414206703180009,6.707103351590004,200.0,2.1420716091241534,1.9991652626903689,1.0
lstm,1.0,5,11.772630075579102,6.886315037789551,170.0,2.055902094878244,1.9993379595091425,0.9950407147407532
lstm,1.5,1,13.435063119877489,7.717531559938744,80.0,2.0172247369745593,1.982980149475008,0.5557916760444641
lstm,1.5,2,13.871361152709367,7.935680576354684,110.0,1.9623095433511502,1.999180388394597,0.9982288479804992
lstm,1.5,3,13.038812336223172,7.519406168111586,170.0,2.0737393058889304,1.989714156962165,0.9291533827781676
lstm,1.5,4,11.414205627389634,6.707102813694817,150.0,2.051732286931435,1.9997828898651149,1.0
lstm,1.5,5,11.772628842566064,6.886314421283032,120.0,1.9619762571784496,1.999774779982092,1.0
lstm,2.0,1,13.435062717963804,7.717531358981902,80.0,1.977752892038142,1.9791782780172695,0.5540205240249634
lstm,2.0,2,13.871360607006435,7.935680303503218,85.0,1.9024860732804776,1.998658948538004,0.992206871509552
lstm,2.0,3,13.038811471452917,7.519405735726458,130.0,2.0142675690372327,1.9811830284618588,0.9050655364990234
lstm,2.0,4,11.414205001241948,6.707102500620974,120.0,1.9887400496355019,1.999615366854467,1.0
lstm,2.0,5,11.772628150801934,6.886314075400967,90.0,1.9025985591094507,1.9995871399516203,0.9982288479804992
lstm,3.0,1,13.435062373225296,7.717531186612648,75.0,1.9340056334054232,1.976685279952308,0.5518951416015625
lstm,3.0,2,13.871360186862589,7.935680093431294,70.0,1.8352671322616139,1.9990353573212227,0.9964576363563538
lstm,3.0,3,13.038811009127343,7.519405504563672,90.0,1.9388938888828486,1.9807010438701464,0.8894792795181274
lstm,3.0,4,11.41420443152617,6.707102215763085,90.0,1.9087011934660885,1.9995925842929505,1.0
lstm,3.0,5,11.772627591384763,6.886313795692382,70.0,1.834287281491587,1.999856280957179,0.992561101913452
mlp,0.01,1,15.593320187802062,8.796660093901032,370.0,2.631187211598057,1.9982784821731956,1.0
mlp,0.01,2,15.631976756989298,8.815988378494648,410.0,2.6488638427193205,1.9988166210072935,1.0
mlp,0.01,3,15.47464309176356,8.73732154588178,370.0,2.60166804690465,1.9999829054244216,1.0
mlp,0.01,4,14.471663647589422,8.235831823794712,310.0,2.4598287857955725,1.9985785227038988,1.0
mlp,0.01,5,15.497501111623029,8.748750555811515,400.0,2.643506890591062,1.9990009946420413,1.0
mlp,0.1,1,15.591009277144462,8.79550463857223,290.0,2.447486563156701,1.9976705796002137,1.0
mlp,0.1,2,15.628632848600194,8.814316424300097,270.0,2.375431467926485,1.998736467287592,1.0
mlp,0.1,3,15.467606699234102,8.733803349617052,260.0,2.348896169824392,1.9999694236208825,1.0
mlp,0.1,4,14.459944026354556,8.229972013177278,210.0,2.18589183814732,1.9970338566614376,1.0
mlp,0.1,5,15.476641078515302,8.73832053925765,260.0,2.3023990137927988,1.9991240097130452,1.0
mlp,0.5,1,15.583318870074768,8.791659435037385,160.0,2.1344340673631774,1.9988496870977368,1.0
mlp,0.5,2,15.615434443542965,8.807717221771483,110.0,2.0115768109552863,1.997350263322956,1.0
mlp,0.5,3,15.45593409035598,8.72796704517799,130.0,2.040845821898278,1.999794152708141,1.0
mlp,0.5,4,14.459888903888023,8.22994445194401,95.0,1.9648955552603997,1.993637547038105,1.0
mlp,0.5,5,15.46747489060686,8.73373744530343,90.0,1.932815915405187,1.9994034934898728,1.0
mlp,0.7,1,15.581482700988122,8.790741350494061,130.0,2.0683883026916616,1.9994943145228945,1.0
mlp,0.7,2,15.612919937794278,8.806459968897139,95.0,1.962123941923821,1.9980159775067663,1.0
mlp,0.7,3,15.454654589679532,8.727327294839766,110.0,1.9922427515011796,1.9998761616848173,1.0
mlp,0.7,4,14.459872342685888,8.229936171342944,90.0,1.9351949023682502,1.9955217108309704,1.0
mlp,0.7,5,15.467018950888695,8.733509475444347,80.0,1.8974666297371623,1.999143772280657,1.0
mlp,1.0,1,15.579541574097949,8.789770787048974,120.0,2.014472223919481,1.999183238369777,1.0
mlp,1.0,2,15.610821125295557,8.80541056264778,90.0,1.92389306282231,1.9978639626252224,1.0
mlp,1.0,3,15.453806026369811,8.726903013184906,95.0,1.9508321740948935,1.99993717164493,1.0
mlp,1.0,4,14.459856116865694,8.229928058432847,85.0,1.910327669723701,1.9969631527377287,1.0
mlp,1.0,5,15.46680531283612,8.733402656418061,80.0,1.8708425308553862,1.99896500473037,1.0
mlp,1.5,1,15.576780749272976,8.788390374636489,100.0,1.9692625574915337,1.998625571532005,1.0
mlp,1.5,2,15.609791316532176,8.804895658266087,85.0,1.8942145672962065,1.9988443840285608,1.0
mlp,1.5,3,15.45406380150144,8.72703190075072,90.0,1.9165556339288008,1.999682619528449,1.0
mlp,1.5,4,14.459851422174063,8.22992571108703,85.0,1.8887301458638794,1.9955711644351684,1.0
mlp,1.5,5,15.466683100475796,8.733341550237899,75.0,1.8477768097910134,1.9991804623684548,1.0
mlp,2.0,1,15.576192609995395,8.788096304997698,95.0,1.9458430083787224,1.999064106311882,1.0
mlp,2.0,2,15.609185398242348,8.804592699121173,85.0,1.8808356940527822,1.9989953312508957,1.0
mlp,2.0,3,15.454172930527134,8.727086465263568,85.0,1.8993240049441287,1.9996137939394607,1.0
mlp,2.0,4,14.459844672283312,8.229922336141655,85.0,1.8778110009504254,1.9972576472428456,1.0
mlp,2.0,5,15.466659447030638,8.733329723515318,75.0,1.8375176782463392,1.9988533595329476,1.0
mlp,3.0,1,15.574844270602828,8.787422135301414,90.0,1.9220593983545333,1.99945889863131,1.0
mlp,3.0,2,15.608450364770334,8.804225182385167,80.0,1.8675290520807004,1.9990058995910405,1.0
mlp,3.0,3,15.45405556833279,8.727027784166395,85.0,1.882203969845575,1.9996925692644292,1.0
mlp,3.0,4,14.459843082532316,8.229921541266158,80.0,1.8665830091120612,1.996505947912888,1.0
mlp,3.0,5,15.466616646685049,8.733308323342523,75.0,1.8274551280887326,1.9986793245799352,1.0
rnn,0.01,1,7.527087126943218,4.763543563471609,320.0,2.5870575304937606,1.9969903356679009,0.7343251705169678
rnn,0.01,2,7.380026726735004,4.690013363367502,480.0,2.824542665495163,1.7187485621587868,0.7530995607376099
rnn,0.01,3,9.577564324443433,5.788782162221716,320.0,2.5123147471016094,1.9767359934546724,0.6447042226791382
rnn,0.01,4,7.343065001976639,4.671532500988319,300.0,2.628391869853633,1.9844567801586344,0.6999645829200745
rnn,0.01,5,6.950857753796992,4.475428876898496,340.0,2.787441410769064,1.931187248340408,0.8678710460662842
rnn,0.1,1,7.526203303660163,4.763101651830082,270.0,2.4720119193687458,1.9980248549848865,0.7516825795173645
rnn,0.1,2,7.3790350115945715,4.689517505797285,360.0,2.6765395863619186,1.6986774045760795,0.745660662651062
rnn,0.1,3,9.564810792892592,5.782405396446296,220.0,2.3042926048614527,1.976220518627603,0.6422245502471924
rnn,0.1,4,7.342888308681195,4.671444154340597,260.0,2.5161648156750953,1.98575964152167,0.698901891708374
rnn,0.1,5,6.949656032993458,4.474828016496729,270.0,2.6200630869187407,1.9344580946958605,0.8671625852584839
rnn,0.5,1,7.521594884243076,4.760797442121538,210.0,2.3241721451838484,1.9980423107990235,0.7509741187095642
rnn,0.5,2,7.374008733370365,4.687004366685183,270.0,2.503804768776684,1.7227777558343926,0.7608926296234131
rnn,0.5,3,9.553738657310149,5.776869328655074,150.0,2.1169664787701956,1.9839011593004252,0.6418703198432922
rnn,0.5,4,7.34148181206192,4.67074090603096,220.0,2.398853108804993,1.977372320782548,0.6992561221122742
rnn,0.5,5,6.946086991133498,4.473043495566749,210.0,2.453862661755437,1.8786377590765693,0.8593694567680359
rnn,0.7,1,7.520019771267997,4.760009885633998,200.0,2.2831225208350596,1.9966684290959484,0.7545164823532104
rnn,0.7,2,7.371255733732441,4.68562786686622,250.0,2.4590123465411455,1.6981154518197057,0.7616011500358582
rnn,0.7,3,9.552132486716022,5.776066243358011,140.0,2.0754259896941996,1.982232477474653,0.6411618590354919
rnn,0.7,4,7.340148325605565,4.670074162802782,200.0,2.3651780385862033,1.9776199192998007,0.7194473743438721
rnn,0.7,5,6.944784530905826,4.472392265452913,200.0,2.410698195114097,1.887942067746468,0.8625575304031372
rnn,1.0,1,7.517737461815952,4.758868730907976,190.0,2.237429386441995,1.994658133323757,0.7580587863922119
rnn,1.0,2,7.36838788563299,4.684193942816496,230.0,2.409092970219507,1.6928607713912691,0.7562876343727112
rnn,1.0,3,9.550090665213991,5.775045332606996,130.0,2.0318036444394805,1.984327775711458,0.6404533982276917
rnn,1.0,4,7.339621401599525,4.669810700799763,190.0,2.327231195453613,1.9845720485531329,0.6645412445068359
rnn,1.0,5,6.941562424213914,4.470781212106957,190.0,2.3616034244874236,1.897676128916806,0.8636202812194824
rnn,1.5,1,7.513146160068279,4.75657308003414,170.0,2.1805006051087212,1.9940535130456425,0.7555791735649109
rnn,1.5,2,7.362319432296464,4.6811597161482315,210.0,2.346921104728535,1.696239629925126,0.7577045559883118
rnn,1.5,3,9.5472497333346,5.7736248666673,110.0,1.9809367722422944,1.9812261764453625,0.6386822462081909
rnn,1.5,4,7.337911358382303,4.668955679191152,180.0,2.2768498792739265,1.9745428161776668,0.6758767366409302
rnn,1.5,5,6.937109381028473,4.468554690514237,170.0,2.2968016169537946,1.8940794319066567,0.8575983047485352
rnn,2.0,1,7.51038649103803,4.755193245519015,160.0,2.135820690496459,1.99400738485152,0.7644349932670593
rnn,2.0,2,7.356094532431102,4.67804726621555,190.0,2.2998152987456364,1.6877582180903268,0.7520368099212646
rnn,2.0,3,9.544616271764008,5.772308135882004,100.0,1.9463402229399522,1.985386249105536,0.6432873010635376
rnn,2.0,4,7.337007982577691,4.668503991288846,170.0,2.239284482160775,1.9767569892962296,0.6896917819976807
rnn,2.0,5,6.9333200031408335,4.466660001570417,160.0,2.24389427537417,1.8959355002147544,0.8547644019126892
rnn,3.0,1,7.507050150890703,4.753525075445351,150.0,2.0686352796955685,1.9940624109055936,0.7541622519493103
rnn,3.0,2,7.34597743110671,4.672988715553355,180.0,2.2269081862447795,1.7123797007222707,0.7516825795173645
rnn,3.0,3,9.542544753286968,5.771272376643484,85.0,1.898362145816297,1.9868201428410897,0.6347856521606445
rnn,3.0,4,7.334776816428566,4.667388408214283,150.0,2.178906711041718,1.971013219438764,0.6868579387664795
rnn,3.0,5,6.928462310080384,4.464231155040192,150.0,2.166060673948828,1.911548305216591,0.8558271527290344
transformer,0.01,1,8.33538711451643,5.167693557258215,270.0,2.6034294192271323,1.8381625390065328,0.875309944152832
transformer,0.01,2,8.565031595625339,5.282515797812669,310.0,2.544264228096434,1.7779569636675934,0.8703506588935852
transformer,0.01,3,8.366588051883243,5.183294025941621,270.0,2.5654900378905614,1.701200264700253,0.8473255038261414
transformer,0.01,4,9.80255686735716,5.90127843367858,250.0,2.4268271090032556,1.7503635062763672,0.8377612233161926
transformer,0.01,5,8.342367822288695,5.171183911144348,290.0,2.5136509796208903,1.968263896902664,0.8526390194892883
transformer,0.1,1,8.253920788156941,5.126960394078471,240.0,2.464988916571564,1.8454301167737288,0.8618490695953369
transformer,0.1,2,8.539391244978464,5.269695622489232,300.0,2.4743782607982814,1.7684232128760142,0.8781437873840332
transformer,0.1,3,8.356578840891085,5.178289420445543,260.0,2.4658919406341564,1.7059542439979272,0.8459085822105408
transformer,0.1,4,9.76044055782572,5.88022027891286,220.0,2.3222210250211326,1.739237048681428,0.836344301700592
transformer,0.1,5,8.277228952499376,5.138614476249688,270.0,2.433184479381548,1.963856894077376,0.8512220978736877
transformer,0.5,1,8.23876047930004,5.11938023965002,200.0,2.250763244456565,1.8355151865251524,0.8600779175758362
transformer,0.5,2,8.510241366487604,5.255120683243802,270.0,2.3823581995861898,1.762668814841409,0.8689337372779846
transformer,0.5,3,8.336529588331576,5.168264794165788,220.0,2.350254665924106,1.7242999476800212,0.8377612233161926
transformer,0.5,4,9.72724892618124,5.86362446309062,180.0,2.1947566587600607,1.7219103157928386,0.8462628126144409
transformer,0.5,5,8.269652117828938,5.134826058914469,240.0,2.3228037912758253,1.976326496268646,0.8622032999992371
transformer,0.7,1,8.23734170937216,5.11867085468608,180.0,2.2011966420069498,1.832304905737057,0.865037202835083
transformer,0.7,2,8.504869561239776,5.252434780619888,260.0,2.3576977502421417,1.762532389436178,0.8643287420272827
transformer,0.7,3,8.327798000182892,5.163899000091446,210.0,2.318737734241279,1.7049698157852875,0.8476797342300415
transformer,0.7,4,9.725683932649034,5.862841966324517,170.0,2.1618492322951113,1.7279397767565448,0.8409493565559387
transformer,0.7,5,8.269237656847242,5.134618828423621,230.0,2.2930696685108085,1.975320713744808,0.8636202812194824
transformer,1.0,1,8.236444861640143,5.1182224308200714,170.0,2.14613578733578,1.836991602651864,0.8714134097099304
transformer,1.0,2,8.500792337905978,5.250396168952989,250.0,2.3286095086811502,1.7555813039048422,0.8707048892974854
transformer,1.0,3,8.318009603503247,5.159004801751624,200.0,2.2832249477713047,1.7145623287122336,0.8356358408927917
transformer,1.0,4,9.72408215878645,5.862041079393225,160.0,2.124428137265456,1.7203450937211038,0.8420120477676392
transformer,1.0,5,8.268915027710667,5.134457513855334,220.0,2.2589481642267386,1.9747368333744293,0.8625575304031372
transformer,1.5,1,8.235922860272728,5.117961430136364,160.0,2.083107430114436,1.83191468968847,0.8668083548545837
transformer,1.5,2,8.494832538205802,5.247416269102901,240.0,2.2922827157740473,1.7601755367461822,0.8717676401138306
transformer,1.5,3,8.306417658010428,5.153208829005214,190.0,2.2404145004155884,1.7096255874741868,0.8526390194892883
transformer,1.5,4,9.7229004901401,5.86145024507005,150.0,2.0787408060825077,1.7276468937936784,0.8508678674697876
transformer,1.5,5,8.268883108341603,5.1344415541708015,200.0,2.2167553677517957,1.979533000457559,0.857244074344635
transformer,2.0,1,8.235720207567546,5.117860103783773,150.0,2.0377123119814993,1.8318493097493604,0.865037202835083
transformer,2.0,2,8.49187761196068,5.24593880598034,230.0,2.2644584603383344,1.7509747118844816,0.8735387921333313
transformer,2.0,3,8.300896620329917,5.1504483101649585,180.0,2.2061372933129535,1.7286932116388944,0.8395323753356934
transformer,2.0,4,9.722417451082835,5.861208725541418,140.0,2.044212793762454,1.717087874914374,0.8498051762580872
transformer,2.0,5,8.268835024252603,5.134417512126301,190.0,2.1855177597619297,1.970528903073807,0.8551186323165894
transformer,3.0,1,8.235691289982704,5.117845644991352,130.0,1.9734861010679559,1.8343907463272764,0.8692879676818848
transformer,3.0,2,8.488207351448091,5.244103675724046,210.0,2.220084369389583,1.7815902165724988,0.8848742246627808
transformer,3.0,3,8.293756368623955,5.146878184311977,170.0,2.1570499864585075,1.7050139811180978,0.8469712734222412
transformer,3.0,4,9.7220328653672,5.8610164326836,130.0,1.992121607831826,1.718237487660008,0.8462628126144409
transformer,3.0,5,8.268824907152435,5.134412453576218,180.0,2.1372273962617774,1.9717897881235804,0.8427205085754395
